-- phpMyAdmin SQL Dump
-- version 5.2.0
-- https://www.phpmyadmin.net/
--
-- Hôte : 127.0.0.1:3306
-- Généré le : ven. 15 déc. 2023 à 08:27
-- Version du serveur : 8.0.31
-- Version de PHP : 8.0.26

SET SQL_MODE = "NO_AUTO_VALUE_ON_ZERO";
START TRANSACTION;
SET time_zone = "+00:00";


/*!40101 SET @OLD_CHARACTER_SET_CLIENT=@@CHARACTER_SET_CLIENT */;
/*!40101 SET @OLD_CHARACTER_SET_RESULTS=@@CHARACTER_SET_RESULTS */;
/*!40101 SET @OLD_COLLATION_CONNECTION=@@COLLATION_CONNECTION */;
/*!40101 SET NAMES utf8mb4 */;

--
-- Base de données : `greengarden`
--
CREATE DATABASE IF NOT EXISTS `greengarden` DEFAULT CHARACTER SET utf8mb4 COLLATE utf8mb4_0900_ai_ci;
USE `greengarden`;

-- --------------------------------------------------------

--
-- Structure de la table `t_d_adresse`
--

DROP TABLE IF EXISTS `t_d_adresse`;
CREATE TABLE `t_d_adresse` (
  `Id_Adresse` int NOT NULL,
  `Ligne1_Adresse` varchar(50) NOT NULL,
  `Ligne2_Adresse` varchar(50) DEFAULT NULL,
  `Ligne3_Adresse` varchar(50) DEFAULT NULL,
  `CP_Adresse` varchar(50) NOT NULL,
  `Ville_Adresse` varchar(150) NOT NULL,
  `Id_Client` int NOT NULL
) ENGINE=InnoDB DEFAULT CHARSET=utf8mb4 COLLATE=utf8mb4_0900_ai_ci;

--
-- Déchargement des données de la table `t_d_adresse`
--

INSERT INTO `t_d_adresse` (`Id_Adresse`, `Ligne1_Adresse`, `Ligne2_Adresse`, `Ligne3_Adresse`, `CP_Adresse`, `Ville_Adresse`, `Id_Client`) VALUES
(1, 'ZAC de Conches', NULL, NULL, '27190', 'Conches en Ouche', 2),
(2, '26 rue Aristide Briand', NULL, NULL, '27000', 'Evreux', 3),
(3, '102 bis rue Chartraine', NULL, NULL, '27000', 'Evreux', 4),
(4, '112 bis rue Chartraine', NULL, NULL, '27000', 'Evreux', 4);

-- --------------------------------------------------------

--
-- Structure de la table `t_d_adressecommande`
--

DROP TABLE IF EXISTS `t_d_adressecommande`;
CREATE TABLE `t_d_adressecommande` (
  `Id_Commande` int NOT NULL,
  `Id_Adresse` int NOT NULL,
  `Id_Type` int NOT NULL
) ENGINE=InnoDB DEFAULT CHARSET=utf8mb4 COLLATE=utf8mb4_0900_ai_ci;

--
-- Déchargement des données de la table `t_d_adressecommande`
--

INSERT INTO `t_d_adressecommande` (`Id_Commande`, `Id_Adresse`, `Id_Type`) VALUES
(1, 1, 1),
(1, 1, 2),
(2, 1, 1),
(2, 1, 2),
(3, 2, 1),
(3, 2, 2),
(4, 3, 1),
(4, 4, 2);

-- --------------------------------------------------------

--
-- Structure de la table `t_d_categorie`
--

DROP TABLE IF EXISTS `t_d_categorie`;
CREATE TABLE `t_d_categorie` (
  `Id_Categorie` int NOT NULL,
  `Libelle` varchar(50) NOT NULL,
  `Id_Categorie_Parent` int DEFAULT NULL
) ENGINE=InnoDB DEFAULT CHARSET=utf8mb4 COLLATE=utf8mb4_0900_ai_ci;

--
-- Déchargement des données de la table `t_d_categorie`
--

INSERT INTO `t_d_categorie` (`Id_Categorie`, `Libelle`, `Id_Categorie_Parent`) VALUES
(1, 'Outillage Jardin', NULL),
(2, 'Bêche', 1),
(3, 'Pioche', 1),
(4, 'Rateau', 1),
(5, 'Pelle', 1),
(6, 'Plant', NULL),
(7, 'Légume', 6),
(8, 'Fruit', 6),
(9, 'Fleur', 6),
(10, 'Pot', NULL),
(11, 'Luminaire Solaire', NULL),
(12, 'Tuyau d\'arrosage', NULL);

-- --------------------------------------------------------

--
-- Structure de la table `t_d_client`
--

DROP TABLE IF EXISTS `t_d_client`;
CREATE TABLE `t_d_client` (
  `Id_Client` int NOT NULL,
  `Nom_Societe_Client` varchar(150) DEFAULT NULL,
  `Nom_Client` varchar(150) DEFAULT NULL,
  `Prenom_Client` varchar(150) DEFAULT NULL,
  `Mail_Client` varchar(150) DEFAULT NULL,
  `Tel_Client` varchar(50) DEFAULT NULL,
  `Id_Commercial` int NOT NULL,
  `Id_Type_Client` int NOT NULL,
  `DelaiPaiement_Client` int NOT NULL,
  `Num_Client` varchar(45) NOT NULL
) ENGINE=InnoDB DEFAULT CHARSET=utf8mb4 COLLATE=utf8mb4_0900_ai_ci;

--
-- Déchargement des données de la table `t_d_client`
--

INSERT INTO `t_d_client` (`Id_Client`, `Nom_Societe_Client`, `Nom_Client`, `Prenom_Client`, `Mail_Client`, `Tel_Client`, `Id_Commercial`, `Id_Type_Client`, `DelaiPaiement_Client`, `Num_Client`) VALUES
(2, 'Gamm Vert', NULL, NULL, 'conches@gammvert.fr', NULL, 1, 2, 30, 'CLI0000001'),
(3, NULL, 'Truc', 'Muche', 'trucmuche@yahoo.fr', '0123456789', 1, 1, 0, 'CLI0000002'),
(4, NULL, 'Gonzales', 'Roberto', 'robertogonzales@gmail.com.fr', '0987654321', 2, 1, 0, 'CLI0000003');

--
-- Déclencheurs `t_d_client`
--
DROP TRIGGER IF EXISTS `tr_generate_num_client`;
DELIMITER $$
CREATE TRIGGER `tr_generate_num_client` BEFORE INSERT ON `t_d_client` FOR EACH ROW BEGIN
    DECLARE prefix CHAR(3) DEFAULT 'CLI';
    DECLARE num INT;

    SELECT COUNT(*) INTO num FROM t_d_client;
    SET num = num + 1;

    SET NEW.num_client = CONCAT(prefix, LPAD(num, 7, '0'));
END
$$
DELIMITER ;

-- --------------------------------------------------------

--
-- Structure de la table `t_d_commande`
--

DROP TABLE IF EXISTS `t_d_commande`;
CREATE TABLE `t_d_commande` (
  `Id_Commande` int NOT NULL,
  `Num_Commande` varchar(50) NOT NULL,
  `Date_Commande` datetime NOT NULL,
  `Id_Statut` int NOT NULL,
  `Id_Client` int NOT NULL,
  `Id_TypePaiement` int NOT NULL,
  `Remise_Commande` decimal(18,2) DEFAULT NULL
) ENGINE=InnoDB DEFAULT CHARSET=utf8mb4 COLLATE=utf8mb4_0900_ai_ci;

--
-- Déchargement des données de la table `t_d_commande`
--

INSERT INTO `t_d_commande` (`Id_Commande`, `Num_Commande`, `Date_Commande`, `Id_Statut`, `Id_Client`, `Id_TypePaiement`, `Remise_Commande`) VALUES
(1, 'CMD0000001', '2022-02-01 14:09:08', 2, 2, 2, '0.00'),
(2, 'CMD0000002', '2022-02-03 07:09:35', 6, 2, 2, '10.00'),
(3, 'CMD0000003', '2023-04-01 12:10:08', 5, 3, 1, '0.00'),
(4, 'CMD0000004', '2023-05-03 21:24:28', 4, 4, 2, '0.00');

--
-- Déclencheurs `t_d_commande`
--
DROP TRIGGER IF EXISTS `tr_generate_num_commande`;
DELIMITER $$
CREATE TRIGGER `tr_generate_num_commande` BEFORE INSERT ON `t_d_commande` FOR EACH ROW BEGIN
    DECLARE prefix CHAR(3) DEFAULT 'CMD';
    DECLARE num INT;

    SELECT COUNT(*) INTO num FROM t_d_commande;
    SET num = num + 1;

    SET NEW.num_commande = CONCAT(prefix, LPAD(num, 7, '0'));
END
$$
DELIMITER ;
DROP TRIGGER IF EXISTS `tr_insert_facture`;
DELIMITER $$
CREATE TRIGGER `tr_insert_facture` AFTER INSERT ON `t_d_commande` FOR EACH ROW BEGIN
    INSERT INTO t_d_facture (id_commande)
    VALUES (NEW.id_commande);
END
$$
DELIMITER ;

-- --------------------------------------------------------

--
-- Structure de la table `t_d_commercial`
--

DROP TABLE IF EXISTS `t_d_commercial`;
CREATE TABLE `t_d_commercial` (
  `Id_Commercial` int NOT NULL,
  `Nom_Commercial` varchar(50) NOT NULL
) ENGINE=InnoDB DEFAULT CHARSET=utf8mb4 COLLATE=utf8mb4_0900_ai_ci;

--
-- Déchargement des données de la table `t_d_commercial`
--

INSERT INTO `t_d_commercial` (`Id_Commercial`, `Nom_Commercial`) VALUES
(1, 'Jean Ventout'),
(2, 'Monique Rabais');

-- --------------------------------------------------------

--
-- Structure de la table `t_d_expedition`
--

DROP TABLE IF EXISTS `t_d_expedition`;
CREATE TABLE `t_d_expedition` (
  `Id_Expedition` int NOT NULL,
  `Date_Expedition` datetime DEFAULT NULL,
  `NumBL` varchar(250) NOT NULL
) ENGINE=InnoDB DEFAULT CHARSET=utf8mb4 COLLATE=utf8mb4_0900_ai_ci;

--
-- Déchargement des données de la table `t_d_expedition`
--

INSERT INTO `t_d_expedition` (`Id_Expedition`, `Date_Expedition`, `NumBL`) VALUES
(1, '2022-02-07 14:14:39', 'EXP0000001'),
(2, '2023-04-01 14:15:03', 'EXP0000002'),
(3, '2023-05-06 08:15:24', 'EXP0000003'),
(4, '2023-05-09 08:30:58', 'EXP0000004'),
(5, NULL, 'EXP0000005');

--
-- Déclencheurs `t_d_expedition`
--
DROP TRIGGER IF EXISTS `tr_expedition_generate_numBL`;
DELIMITER $$
CREATE TRIGGER `tr_expedition_generate_numBL` BEFORE INSERT ON `t_d_expedition` FOR EACH ROW BEGIN
    DECLARE prefix CHAR(3) DEFAULT 'EXP';
    DECLARE num INT;

    SELECT COUNT(*) INTO num FROM t_d_expedition;
    SET num = num + 1;

    SET NEW.numBL = CONCAT(prefix, LPAD(num, 7, '0'));
END
$$
DELIMITER ;

-- --------------------------------------------------------

--
-- Structure de la table `t_d_facture`
--

DROP TABLE IF EXISTS `t_d_facture`;
CREATE TABLE `t_d_facture` (
  `Id_Facture` int NOT NULL,
  `NumFacture` varchar(150) NOT NULL,
  `Date_Facture` datetime NOT NULL,
  `Id_Commande` int NOT NULL
) ENGINE=InnoDB DEFAULT CHARSET=utf8mb4 COLLATE=utf8mb4_0900_ai_ci;

--
-- Déchargement des données de la table `t_d_facture`
--

INSERT INTO `t_d_facture` (`Id_Facture`, `NumFacture`, `Date_Facture`, `Id_Commande`) VALUES
(1, 'FAC0000001', '0000-00-00 00:00:00', 1),
(2, 'FAC0000002', '2022-02-07 14:14:39', 2),
(3, 'FAC0000003', '2023-04-01 14:15:03', 3),
(4, 'FAC0000004', '2023-05-06 08:15:24', 4);

--
-- Déclencheurs `t_d_facture`
--
DROP TRIGGER IF EXISTS `tr_facture_generate_numfacture`;
DELIMITER $$
CREATE TRIGGER `tr_facture_generate_numfacture` BEFORE INSERT ON `t_d_facture` FOR EACH ROW BEGIN
    DECLARE prefix CHAR(3) DEFAULT 'FAC';
    DECLARE num INT;

    SELECT COUNT(*) INTO num FROM t_d_facture;
    SET num = num + 1;

    SET NEW.numFacture = CONCAT(prefix, LPAD(num, 7, '0'));
END
$$
DELIMITER ;

-- --------------------------------------------------------

--
-- Structure de la table `t_d_fournisseur`
--

DROP TABLE IF EXISTS `t_d_fournisseur`;
CREATE TABLE `t_d_fournisseur` (
  `Id_Fournisseur` int NOT NULL,
  `Nom_Fournisseur` varchar(50) NOT NULL
) ENGINE=InnoDB DEFAULT CHARSET=utf8mb4 COLLATE=utf8mb4_0900_ai_ci;

--
-- Déchargement des données de la table `t_d_fournisseur`
--

INSERT INTO `t_d_fournisseur` (`Id_Fournisseur`, `Nom_Fournisseur`) VALUES
(1, 'Pierre'),
(2, 'Paul'),
(3, 'Jacques');

-- --------------------------------------------------------

--
-- Structure de la table `t_d_lignecommande`
--

DROP TABLE IF EXISTS `t_d_lignecommande`;
CREATE TABLE `t_d_lignecommande` (
  `Id_Commande` int NOT NULL,
  `Id_Produit` int NOT NULL,
  `Id_Expedition` int UNSIGNED NOT NULL,
  `Quantite` int NOT NULL
) ENGINE=InnoDB DEFAULT CHARSET=utf8mb4 COLLATE=utf8mb4_0900_ai_ci;

--
-- Déchargement des données de la table `t_d_lignecommande`
--

INSERT INTO `t_d_lignecommande` (`Id_Commande`, `Id_Produit`, `Id_Expedition`, `Quantite`) VALUES
(1, 1, 5, 1),
(2, 1, 1, 1),
(2, 2, 1, 1),
(3, 4, 2, 3),
(4, 5, 3, 10),
(4, 6, 4, 2);

-- --------------------------------------------------------

--
-- Structure de la table `t_d_produit`
--

DROP TABLE IF EXISTS `t_d_produit`;
CREATE TABLE `t_d_produit` (
  `Id_Produit` int NOT NULL,
  `Taux_TVA` decimal(15,2) NOT NULL,
  `Nom_Long` varchar(250) NOT NULL,
  `Nom_court` varchar(50) NOT NULL,
  `Ref_fournisseur` varchar(250) NOT NULL,
  `Photo` varchar(250) DEFAULT NULL,
  `Prix_Achat` decimal(15,2) NOT NULL,
  `Id_Fournisseur` int NOT NULL,
  `Id_Categorie` int NOT NULL
) ENGINE=InnoDB DEFAULT CHARSET=utf8mb4 COLLATE=utf8mb4_0900_ai_ci;

--
-- Déchargement des données de la table `t_d_produit`
--

INSERT INTO `t_d_produit` (`Id_Produit`, `Taux_TVA`, `Nom_Long`, `Nom_court`, `Ref_fournisseur`, `Photo`, `Prix_Achat`, `Id_Fournisseur`, `Id_Categorie`) VALUES
(1, '5.50', 'Bêche pour quelqu\'un qui serait assez grand, genre', 'Bêche pour grand', 'BZFR1589', 'https://www.monmobilierdesign.fr/11929-tm_large_default/garden-beche-outil-jardinage.jpg', '14.90', 1, 2),
(2, '5.50', 'Bêche pour quelqu\'un qui serait assez petit, genre', 'Bêche pour petit', 'BZFR1592', 'https://www.natureetdecouvertes.com/fstrz/r/s/cache.natureetdecouvertes.com/Medias/Images/Articles/98276280/98276280-b-che-manche-court_1.jpg?width=610&height=610&frz-v=651', '9.90', 1, 2),
(3, '5.50', 'Le plant d\'aubergine qui déchire sa grand Mère', 'Plant Aubergine', 'JAFR1589', 'https://www.rustica.fr/images/fm060906-040-l1200-h0.jpg.webp', '1.90', 2, 7),
(4, '5.50', 'Le plant de fraises qui déchire sa grand Mère', 'Plant Fraises', 'JAFR26895', 'https://plants-de-fraises.fr/wp-content/uploads/2017/07/clery_08_big.jpg', '1.90', 2, 8),
(5, '19.60', 'Le set de 10 lampes qui permet d\'éclairer ton allée', 'Set de 10 lampes', 'LAM0001', 'https://www.cdiscount.com/pdt2/1/8/3/1/700x700/max2009878156183/rw/kit-de-10-ampoules-pour-phare-de-velo.jpg', '49.90', 3, 11),
(6, '19.60', 'Le tuyau d\'arrosage dexception qui s\'allonge', 'Tuyai 20m', 'TUY0001', 'https://www.shopix.fr/24104-thickbox_default/tuyau-d-arrosage-tricote-20m-15-19-25-mm.jpg', '24.90', 3, 12);

-- --------------------------------------------------------

--
-- Structure de la table `t_d_statut_commande`
--

DROP TABLE IF EXISTS `t_d_statut_commande`;
CREATE TABLE `t_d_statut_commande` (
  `Id_Statut` int NOT NULL,
  `Libelle_Statut` varchar(50) DEFAULT NULL
) ENGINE=InnoDB DEFAULT CHARSET=utf8mb4 COLLATE=utf8mb4_0900_ai_ci;

--
-- Déchargement des données de la table `t_d_statut_commande`
--

INSERT INTO `t_d_statut_commande` (`Id_Statut`, `Libelle_Statut`) VALUES
(1, 'Saisie'),
(2, 'Annulée'),
(3, 'En préparation'),
(4, 'Expédiée'),
(5, 'Facturée'),
(6, 'Soldée');

-- --------------------------------------------------------

--
-- Structure de la table `t_d_type_adresse`
--

DROP TABLE IF EXISTS `t_d_type_adresse`;
CREATE TABLE `t_d_type_adresse` (
  `Id_Type` int NOT NULL,
  `Libelle_Type` varchar(50) DEFAULT NULL
) ENGINE=InnoDB DEFAULT CHARSET=utf8mb4 COLLATE=utf8mb4_0900_ai_ci;

--
-- Déchargement des données de la table `t_d_type_adresse`
--

INSERT INTO `t_d_type_adresse` (`Id_Type`, `Libelle_Type`) VALUES
(1, 'Livraison'),
(2, 'Facturation');

-- --------------------------------------------------------

--
-- Structure de la table `t_d_type_client`
--

DROP TABLE IF EXISTS `t_d_type_client`;
CREATE TABLE `t_d_type_client` (
  `Id_Type_Client` int NOT NULL,
  `Libelle_Type_Client` varchar(50) NOT NULL,
  `Taux_Penalite_Retard` decimal(15,2) NOT NULL
) ENGINE=InnoDB DEFAULT CHARSET=utf8mb4 COLLATE=utf8mb4_0900_ai_ci;

--
-- Déchargement des données de la table `t_d_type_client`
--

INSERT INTO `t_d_type_client` (`Id_Type_Client`, `Libelle_Type_Client`, `Taux_Penalite_Retard`) VALUES
(1, 'Particulier', '15.00'),
(2, 'Professionnel', '10.00');

-- --------------------------------------------------------

--
-- Structure de la table `t_d_type_paiement`
--

DROP TABLE IF EXISTS `t_d_type_paiement`;
CREATE TABLE `t_d_type_paiement` (
  `Id_TypePaiement` int NOT NULL,
  `Libelle_TypePaiement` varchar(50) NOT NULL
) ENGINE=InnoDB DEFAULT CHARSET=utf8mb4 COLLATE=utf8mb4_0900_ai_ci;

--
-- Déchargement des données de la table `t_d_type_paiement`
--

INSERT INTO `t_d_type_paiement` (`Id_TypePaiement`, `Libelle_TypePaiement`) VALUES
(1, 'Carte Bancaire'),
(2, 'Chèque'),
(3, 'Espèces'),
(4, 'Virement');

-- --------------------------------------------------------

--
-- Structure de la table `t_d_user`
--

DROP TABLE IF EXISTS `t_d_user`;
CREATE TABLE `t_d_user` (
  `Id_User` int NOT NULL,
  `Id_UserType` int NOT NULL,
  `Login` varchar(255) NOT NULL,
  `Password` varchar(255) NOT NULL
) ENGINE=InnoDB DEFAULT CHARSET=utf8mb4 COLLATE=utf8mb4_0900_ai_ci;

--
-- Déchargement des données de la table `t_d_user`
--

INSERT INTO `t_d_user` (`Id_User`, `Id_UserType`, `Login`, `Password`) VALUES
(6, 1, 'TATA', '$2y$10$Lcdm/IjztRlWqkiNkpSDbOdnzf6.y.Odfof/GI0/oEwotuJCKxMkW'),
(7, 1, 'TETE', '$2y$10$.WB8ClgVFG1TgxpvyqOHNOfE8YdVASuEQjHsfERkOSROn8COeDpFO'),
(8, 1, 'TITI', '$2y$10$LW3LfMM2aWbPNqsCdVdaVOpjEmGkI6WCDz6u1CQM4dETUQzq85fnW'),
(9, 1, 'TOTO', '$2y$10$o8GM7KPUrZspf7Nesw993.G4NijnlSQp69kVb5X756y1Y0VPibMt6'),
(10, 1, 'TUTU', '$2y$10$WNEpjJHt8EqMMu1hJ7e.Q.a9VschQ/4IUx07Wuci7FhgmNr4eMWqW'),
(11, 1, 'TYTY', '$2y$10$B.QXItF9zFL2mtqG2bJ.vOa3xTCAhmdMDiSUb8iSpY4eyXOY/2sJO');

-- --------------------------------------------------------

--
-- Structure de la table `t_d_usertype`
--

DROP TABLE IF EXISTS `t_d_usertype`;
CREATE TABLE `t_d_usertype` (
  `Id_UserType` int NOT NULL,
  `Libelle` varchar(50) NOT NULL
) ENGINE=InnoDB DEFAULT CHARSET=utf8mb4 COLLATE=utf8mb4_0900_ai_ci;

--
-- Déchargement des données de la table `t_d_usertype`
--

INSERT INTO `t_d_usertype` (`Id_UserType`, `Libelle`) VALUES
(1, 'Client'),
(2, 'Admin'),
(3, 'Commercial');

--
-- Index pour les tables déchargées
--

--
-- Index pour la table `t_d_adresse`
--
ALTER TABLE `t_d_adresse`
  ADD PRIMARY KEY (`Id_Adresse`),
  ADD KEY `Id_Client` (`Id_Client`);

--
-- Index pour la table `t_d_adressecommande`
--
ALTER TABLE `t_d_adressecommande`
  ADD PRIMARY KEY (`Id_Commande`,`Id_Adresse`,`Id_Type`),
  ADD KEY `Id_Adresse` (`Id_Adresse`),
  ADD KEY `Id_Type` (`Id_Type`);

--
-- Index pour la table `t_d_categorie`
--
ALTER TABLE `t_d_categorie`
  ADD PRIMARY KEY (`Id_Categorie`),
  ADD KEY `Id_Categorie_Parent` (`Id_Categorie_Parent`);

--
-- Index pour la table `t_d_client`
--
ALTER TABLE `t_d_client`
  ADD PRIMARY KEY (`Id_Client`),
  ADD KEY `Id_Commercial` (`Id_Commercial`),
  ADD KEY `Id_Type_Client` (`Id_Type_Client`);

--
-- Index pour la table `t_d_commande`
--
ALTER TABLE `t_d_commande`
  ADD PRIMARY KEY (`Id_Commande`),
  ADD KEY `Id_Statut` (`Id_Statut`),
  ADD KEY `Id_TypePaiement` (`Id_TypePaiement`),
  ADD KEY `Id_Client` (`Id_Client`);

--
-- Index pour la table `t_d_commercial`
--
ALTER TABLE `t_d_commercial`
  ADD PRIMARY KEY (`Id_Commercial`);

--
-- Index pour la table `t_d_expedition`
--
ALTER TABLE `t_d_expedition`
  ADD PRIMARY KEY (`Id_Expedition`);

--
-- Index pour la table `t_d_facture`
--
ALTER TABLE `t_d_facture`
  ADD PRIMARY KEY (`Id_Facture`),
  ADD UNIQUE KEY `Id_Commande` (`Id_Commande`);

--
-- Index pour la table `t_d_fournisseur`
--
ALTER TABLE `t_d_fournisseur`
  ADD PRIMARY KEY (`Id_Fournisseur`);

--
-- Index pour la table `t_d_lignecommande`
--
ALTER TABLE `t_d_lignecommande`
  ADD PRIMARY KEY (`Id_Commande`,`Id_Produit`,`Id_Expedition`),
  ADD KEY `Id_Produit` (`Id_Produit`),
  ADD KEY `t_d_lignecommande_ibfk_3` (`Id_Expedition`);

--
-- Index pour la table `t_d_produit`
--
ALTER TABLE `t_d_produit`
  ADD PRIMARY KEY (`Id_Produit`),
  ADD KEY `Id_Fournisseur` (`Id_Fournisseur`),
  ADD KEY `Id_Categorie` (`Id_Categorie`);

--
-- Index pour la table `t_d_statut_commande`
--
ALTER TABLE `t_d_statut_commande`
  ADD PRIMARY KEY (`Id_Statut`);

--
-- Index pour la table `t_d_type_adresse`
--
ALTER TABLE `t_d_type_adresse`
  ADD PRIMARY KEY (`Id_Type`);

--
-- Index pour la table `t_d_type_client`
--
ALTER TABLE `t_d_type_client`
  ADD PRIMARY KEY (`Id_Type_Client`);

--
-- Index pour la table `t_d_type_paiement`
--
ALTER TABLE `t_d_type_paiement`
  ADD PRIMARY KEY (`Id_TypePaiement`);

--
-- Index pour la table `t_d_user`
--
ALTER TABLE `t_d_user`
  ADD PRIMARY KEY (`Id_User`),
  ADD KEY `t_d_user_ibfk_1` (`Id_UserType`);

--
-- Index pour la table `t_d_usertype`
--
ALTER TABLE `t_d_usertype`
  ADD PRIMARY KEY (`Id_UserType`);

--
-- AUTO_INCREMENT pour les tables déchargées
--

--
-- AUTO_INCREMENT pour la table `t_d_adresse`
--
ALTER TABLE `t_d_adresse`
  MODIFY `Id_Adresse` int NOT NULL AUTO_INCREMENT, AUTO_INCREMENT=5;

--
-- AUTO_INCREMENT pour la table `t_d_categorie`
--
ALTER TABLE `t_d_categorie`
  MODIFY `Id_Categorie` int NOT NULL AUTO_INCREMENT, AUTO_INCREMENT=13;

--
-- AUTO_INCREMENT pour la table `t_d_client`
--
ALTER TABLE `t_d_client`
  MODIFY `Id_Client` int NOT NULL AUTO_INCREMENT, AUTO_INCREMENT=5;

--
-- AUTO_INCREMENT pour la table `t_d_commande`
--
ALTER TABLE `t_d_commande`
  MODIFY `Id_Commande` int NOT NULL AUTO_INCREMENT, AUTO_INCREMENT=5;

--
-- AUTO_INCREMENT pour la table `t_d_commercial`
--
ALTER TABLE `t_d_commercial`
  MODIFY `Id_Commercial` int NOT NULL AUTO_INCREMENT, AUTO_INCREMENT=3;

--
-- AUTO_INCREMENT pour la table `t_d_expedition`
--
ALTER TABLE `t_d_expedition`
  MODIFY `Id_Expedition` int NOT NULL AUTO_INCREMENT, AUTO_INCREMENT=6;

--
-- AUTO_INCREMENT pour la table `t_d_facture`
--
ALTER TABLE `t_d_facture`
  MODIFY `Id_Facture` int NOT NULL AUTO_INCREMENT, AUTO_INCREMENT=5;

--
-- AUTO_INCREMENT pour la table `t_d_fournisseur`
--
ALTER TABLE `t_d_fournisseur`
  MODIFY `Id_Fournisseur` int NOT NULL AUTO_INCREMENT, AUTO_INCREMENT=4;

--
-- AUTO_INCREMENT pour la table `t_d_produit`
--
ALTER TABLE `t_d_produit`
  MODIFY `Id_Produit` int NOT NULL AUTO_INCREMENT, AUTO_INCREMENT=7;

--
-- AUTO_INCREMENT pour la table `t_d_statut_commande`
--
ALTER TABLE `t_d_statut_commande`
  MODIFY `Id_Statut` int NOT NULL AUTO_INCREMENT, AUTO_INCREMENT=7;

--
-- AUTO_INCREMENT pour la table `t_d_type_adresse`
--
ALTER TABLE `t_d_type_adresse`
  MODIFY `Id_Type` int NOT NULL AUTO_INCREMENT, AUTO_INCREMENT=3;

--
-- AUTO_INCREMENT pour la table `t_d_type_client`
--
ALTER TABLE `t_d_type_client`
  MODIFY `Id_Type_Client` int NOT NULL AUTO_INCREMENT, AUTO_INCREMENT=3;

--
-- AUTO_INCREMENT pour la table `t_d_type_paiement`
--
ALTER TABLE `t_d_type_paiement`
  MODIFY `Id_TypePaiement` int NOT NULL AUTO_INCREMENT, AUTO_INCREMENT=5;

--
-- AUTO_INCREMENT pour la table `t_d_user`
--
ALTER TABLE `t_d_user`
  MODIFY `Id_User` int NOT NULL AUTO_INCREMENT, AUTO_INCREMENT=12;

--
-- AUTO_INCREMENT pour la table `t_d_usertype`
--
ALTER TABLE `t_d_usertype`
  MODIFY `Id_UserType` int NOT NULL AUTO_INCREMENT, AUTO_INCREMENT=6;

--
-- Contraintes pour les tables déchargées
--

--
-- Contraintes pour la table `t_d_adresse`
--
ALTER TABLE `t_d_adresse`
  ADD CONSTRAINT `t_d_adresse_ibfk_1` FOREIGN KEY (`Id_Client`) REFERENCES `t_d_client` (`Id_Client`);

--
-- Contraintes pour la table `t_d_adressecommande`
--
ALTER TABLE `t_d_adressecommande`
  ADD CONSTRAINT `t_d_adressecommande_ibfk_1` FOREIGN KEY (`Id_Commande`) REFERENCES `t_d_commande` (`Id_Commande`),
  ADD CONSTRAINT `t_d_adressecommande_ibfk_2` FOREIGN KEY (`Id_Adresse`) REFERENCES `t_d_adresse` (`Id_Adresse`),
  ADD CONSTRAINT `t_d_adressecommande_ibfk_3` FOREIGN KEY (`Id_Type`) REFERENCES `t_d_type_adresse` (`Id_Type`);

--
-- Contraintes pour la table `t_d_categorie`
--
ALTER TABLE `t_d_categorie`
  ADD CONSTRAINT `t_d_categorie_ibfk_1` FOREIGN KEY (`Id_Categorie_Parent`) REFERENCES `t_d_categorie` (`Id_Categorie`);

--
-- Contraintes pour la table `t_d_client`
--
ALTER TABLE `t_d_client`
  ADD CONSTRAINT `t_d_client_ibfk_1` FOREIGN KEY (`Id_Commercial`) REFERENCES `t_d_commercial` (`Id_Commercial`),
  ADD CONSTRAINT `t_d_client_ibfk_2` FOREIGN KEY (`Id_Type_Client`) REFERENCES `t_d_type_client` (`Id_Type_Client`);

--
-- Contraintes pour la table `t_d_commande`
--
ALTER TABLE `t_d_commande`
  ADD CONSTRAINT `t_d_commande_ibfk_1` FOREIGN KEY (`Id_Statut`) REFERENCES `t_d_statut_commande` (`Id_Statut`),
  ADD CONSTRAINT `t_d_commande_ibfk_2` FOREIGN KEY (`Id_TypePaiement`) REFERENCES `t_d_type_paiement` (`Id_TypePaiement`),
  ADD CONSTRAINT `t_d_commande_ibfk_3` FOREIGN KEY (`Id_Client`) REFERENCES `t_d_client` (`Id_Client`);

--
-- Contraintes pour la table `t_d_facture`
--
ALTER TABLE `t_d_facture`
  ADD CONSTRAINT `t_d_facture_ibfk_1` FOREIGN KEY (`Id_Commande`) REFERENCES `t_d_commande` (`Id_Commande`);

--
-- Contraintes pour la table `t_d_lignecommande`
--
ALTER TABLE `t_d_lignecommande`
  ADD CONSTRAINT `t_d_lignecommande_ibfk_1` FOREIGN KEY (`Id_Commande`) REFERENCES `t_d_commande` (`Id_Commande`),
  ADD CONSTRAINT `t_d_lignecommande_ibfk_2` FOREIGN KEY (`Id_Produit`) REFERENCES `t_d_produit` (`Id_Produit`);

--
-- Contraintes pour la table `t_d_produit`
--
ALTER TABLE `t_d_produit`
  ADD CONSTRAINT `t_d_produit_ibfk_1` FOREIGN KEY (`Id_Fournisseur`) REFERENCES `t_d_fournisseur` (`Id_Fournisseur`),
  ADD CONSTRAINT `t_d_produit_ibfk_2` FOREIGN KEY (`Id_Categorie`) REFERENCES `t_d_categorie` (`Id_Categorie`);
COMMIT;

/*!40101 SET CHARACTER_SET_CLIENT=@OLD_CHARACTER_SET_CLIENT */;
/*!40101 SET CHARACTER_SET_RESULTS=@OLD_CHARACTER_SET_RESULTS */;
/*!40101 SET COLLATION_CONNECTION=@OLD_COLLATION_CONNECTION */;
